capture_time_utc,frame_file,ntu,chl,sensor_time_utc,cam_viz_low_ft,cam_viz_high_ft,confidence,furthest_piling_ft,usable_frame
20260730T182958Z,scripps_20260730T182958Z.jpg,1.37,0.51,2026-07-30T18:08:00Z,,,,,
20260730T201725Z,scripps_20260730T201725Z.jpg,1.89,1.04,2026-07-30T19:52:00Z,,,,,
20260730T221032Z,scripps_20260730T221032Z.jpg,0.37,0.73,2026-07-30T21:52:00Z,,,,,
20260731T000626Z,scripps_20260731T000626Z.jpg,0.17,0.55,2026-07-30T23:52:00Z,,,,,
20260731T152324Z,scripps_20260731T152324Z.jpg,0.15,0.6,2026-07-31T15:08:00Z,,,,,
20260731T174352Z,scripps_20260731T174352Z.jpg,2026-07-31T17:24:10Z,,,,,,,
20260731T194125Z,scripps_20260731T194125Z.jpg,2026-07-31T19:24:10Z,,,,,,,
20260731T211115Z,scripps_20260731T211115Z.jpg,2026-07-31T21:00:10Z,,,,,,,
20260731T234912Z,scripps_20260731T234912Z.jpg,0.32,0.93,2026-07-31T23:40:00Z,,,,,
